slug,title,description,word_count
about,About PromptImageLab – AI Image Prompt Education Platform,"Learn about PromptImageLab, the leading educational platform for AI image generation prompts. Discover our mission to teach effective AI image prompting techniques.",890
ai-profile-picture-dp-prompts,AI Profile Picture Prompts – Create Stunning DP Photos with AI,"Copy proven AI profile picture prompts to convert your photo into stunning profile pictures for Instagram, WhatsApp, LinkedIn, and all social media platforms.",1745
anime-avatars,Anime Avatar AI Prompts – Convert Photo to Anime Style Avatar,"Use these anime avatar AI prompts to convert any photo into beautiful anime-style characters. Works with MidJourney, Stable Diffusion, DALL-E 3, and ChatGPT image generation.",2136
ceo-style-portrait-prompts,CEO Style Portrait AI Prompts – Executive Headshot Generator,"Create powerful CEO and executive-style portrait photos with these AI prompts. Generate authoritative, confident business portraits using MidJourney and DALL-E 3.",1313
contact,Contact PromptImageLab – Get in Touch,"Contact the PromptImageLab team with questions, feedback, or collaboration inquiries. We're here to help you master AI image generation and prompt engineering.",670
corporate-portrait-prompts,Corporate Portrait AI Prompts – Business Headshot Generator,Generate polished corporate portraits and business headshots with these tested AI prompts. Create executive-level professional photos using AI image generation tools.,1241
index,"AI Image Prompts for Profile Pictures, Anime & Avatars | PromptImageLab","PromptImageLab teaches proven AI image prompts for profile pictures, anime avatars, Instagram DP, WhatsApp DP, LinkedIn headshots, and professional AI photo generation.",1540
instagram-dp-ai-prompts,Instagram DP AI Prompts – Create Stunning Profile Pictures with AI,"Copy the best Instagram DP AI prompts to convert your photo into stylish, aesthetic, and viral Instagram profile pictures using MidJourney, ChatGPT, and Stable Diffusion.",2336
instagram-dp-black-white-ai-prompts,Black & White Instagram DP AI Prompts – Monochrome Profile Pictures,Create dramatic black and white Instagram DP photos with these tested AI prompts. Generate classic monochrome profile pictures for Instagram using MidJourney and DALL-E 3.,1820
instagram-dp-couple-ai-prompts,Instagram Couple DP AI Prompts – Romantic Profile Picture Generator,"Create beautiful romantic couple Instagram DP photos with these AI prompts. Generate aesthetic, stylish couple profile pictures for Instagram using AI image generation tools.",2415
instagram-dp-for-boys-ai-prompts,Instagram DP for Boys AI Prompts – Stylish Male Profile Pictures,"Create stylish, cool Instagram DP photos for boys with these AI prompts. Generate swag, aesthetic, and trending male profile pictures for Instagram using AI tools.",2380
instagram-dp-for-girls-ai-prompts,Instagram DP for Girls AI Prompts – Aesthetic Female Profile Pictures,"Create beautiful, aesthetic Instagram DP photos for girls with these AI prompts. Generate cute, stylish, and viral female profile pictures for Instagram using AI image tools.",2444
linkedin-profile-men,LinkedIn Profile Picture Prompts for Men – Professional AI Headshots,"Copy the best LinkedIn profile picture AI prompts specifically designed for men. Create sharp, authoritative, and professional headshots using MidJourney, ChatGPT, and DALL-E.",4172
linkedin-profile-picture-prompts,LinkedIn Profile Picture Prompts – Professional AI Headshot Generator,"Generate professional LinkedIn profile pictures with these proven AI prompts. Create authoritative, clean, and corporate headshots using AI image generation tools.",1164
linkedin-profile-women,LinkedIn Profile Picture Prompts for Women – Professional AI Headshots,"Create polished and professional LinkedIn profile pictures for women with these tested AI prompts. Generate authoritative, elegant headshots using AI image generation tools.",1652
privacy-policy,Privacy Policy – PromptImageLab,"Read the PromptImageLab privacy policy to understand how we collect, use, and protect your personal information on our AI image prompt education platform.",1059
professional-ai-headshot-prompts,Professional AI Headshot Prompts – Corporate Portrait Generator,"Generate professional AI headshots and corporate portraits with these tested prompts. Create studio-quality business photos using MidJourney, ChatGPT, and Stable Diffusion.",1620
realistic-ai-portrait-prompts,Realistic AI Portrait Prompts – Photorealistic Photo Generation,"Create stunning realistic AI portraits with these proven prompts. Generate photorealistic, high-quality portrait photos using MidJourney, DALL-E 3, and Stable Diffusion AI tools.",3826
resume-photo-prompts,Resume Photo AI Prompts – Professional Job Application Photos,"Create professional resume and CV photos with these tested AI prompts. Generate formal, clean, and corporate-ready profile pictures for job applications using AI tools.",1243
romantic-anime-prompts,Romantic Anime AI Prompts – Couple Anime Art Generator,Create beautiful romantic anime couple artwork with these tested AI prompts. Generate stunning anime-style love scenes and couple illustrations using AI image generation tools.,1895
studio-lighting-portrait-prompts,Studio Lighting Portrait AI Prompts – Professional Photo Effects,"Master studio lighting techniques with these AI portrait prompts. Create beautiful, professionally lit portrait photos using MidJourney, DALL-E 3, and Stable Diffusion.",1237
valentine-ai-image-prompts,Valentine's Day AI Image Prompts – Romantic Photo Generator,"Create beautiful Valentine's Day AI images and romantic photos with these tested prompts. Generate stunning love-themed artwork using MidJourney, ChatGPT, and Stable Diffusion.",1785
valentine-couple-photo-prompts,Valentine's Couple Photo AI Prompts – Romantic Couple Pictures,"Create stunning Valentine's Day couple photos with these AI prompts. Generate romantic, beautiful couple pictures for Valentine's Day using AI image generation tools.",1778
valentine-dp-prompts,Valentine's Day DP AI Prompts – Romantic Profile Picture Generator,"Use these Valentine's Day DP AI prompts to create heart-themed, romantic profile pictures for Instagram and WhatsApp. From minimalist hearts to anime avatars — perfect Valentine DPs.",1841
valentine-gift-message-prompts,Valentine's Gift Message AI Prompts – Romantic Greeting Generator,"Generate beautiful and heartfelt Valentine's Day gift messages and greeting cards with these AI prompts. Create romantic, personalized messages using AI writing and image tools.",1979
valentine-instagram-caption-prompts,Valentine's Instagram Caption AI Prompts – Romantic Caption Generator,"Create perfect Valentine's Day Instagram captions with these AI prompts. Generate romantic, heartfelt, and engaging Valentine's captions for Instagram posts using AI tools.",1764
valentine-love-letter-prompts,Valentine's Love Letter AI Prompts – Romantic Message Generator,"Write beautiful Valentine's Day love letters with these AI prompts. Generate heartfelt, romantic, and personalized love messages using AI writing tools and ChatGPT.",2144
valentine-whatsapp-messages,Valentine's Day WhatsApp Messages AI Prompts – Romantic Text Generator,"Generate romantic Valentine's Day WhatsApp messages and statuses with these AI prompts. Create heartfelt, sweet, and unique Valentine's messages using AI writing tools.",1961
whatsapp-dp-ai-prompts,WhatsApp DP AI Prompts – Best Profile Picture Prompts for WhatsApp,"Discover tested WhatsApp DP AI prompts to create stylish, aesthetic, and unique WhatsApp profile pictures using AI tools like MidJourney, DALL-E 3, and ChatGPT.",2373
whatsapp-dp-for-boys-ai-prompts,WhatsApp DP for Boys AI Prompts – Cool Male Profile Pictures,"Create cool, stylish WhatsApp DP photos for boys with these AI prompts. Generate trending, aesthetic, and unique male WhatsApp profile pictures using AI image generation.",1523
whatsapp-dp-for-girls-ai-prompts,WhatsApp DP for Girls AI Prompts – Cute Female Profile Pictures,"Create cute, beautiful WhatsApp DP photos for girls with these AI prompts. Generate aesthetic, stylish, and unique female WhatsApp profile pictures using AI image tools.",3657
whatsapp-dp-tamil-ai-prompts,WhatsApp DP Tamil AI Prompts – Tamil Style Profile Pictures,Create stylish WhatsApp DP photos with Tamil cultural aesthetics using these AI prompts. Generate beautiful Tamil-inspired profile pictures for WhatsApp using AI image tools.,1185
